id,workout
14404.0,1
14405.0,1
14406.0,1
14407.0,1
14408.0,1
14409.0,1
14410.0,1
14411.0,1
14412.0,1
14413.0,1
14414.0,1
14415.0,1
14416.0,1
14417.0,1
14418.0,1
14419.0,1
14420.0,1
14421.0,1
14422.0,1
14423.0,1
14428.0,0
14429.0,0
14430.0,0
14431.0,0
14432.0,0
14433.0,0
14434.0,0
14439.0,2
14440.0,2
14441.0,2
14442.0,2
14443.0,2
14444.0,2
14445.0,2
14446.0,2
14447.0,2
14448.0,2
14449.0,2
14450.0,2
14451.0,2
14452.0,2
14453.0,2
14454.0,2
14455.0,2
14456.0,2
14457.0,2
14462.0,0
14463.0,0
14464.0,0
14465.0,0
14466.0,0
14467.0,0
14468.0,0
14469.0,0
14470.0,0
14471.0,0
14472.0,0
14473.0,0
14478.0,3
14479.0,3
14480.0,3
14481.0,3
14482.0,3
14483.0,3
14484.0,3
14485.0,3
14486.0,3
14487.0,3
14488.0,3
14489.0,3
14490.0,3
14491.0,3
14492.0,3
14493.0,3
14494.0,3
14495.0,3
14496.0,3
14497.0,3
14498.0,3
14499.0,3
14504.0,0
14505.0,0
14506.0,0
14507.0,0
14508.0,0
14509.0,0
14510.0,0
14511.0,0
14512.0,0
14513.0,0
14514.0,0
14515.0,0
14520.0,4
14521.0,4
14522.0,4
14523.0,4
14524.0,4
14525.0,4
14526.0,4
14527.0,4
14528.0,4
14529.0,4
14530.0,4
14531.0,4
14532.0,4
14533.0,4
14534.0,4
14535.0,4
14536.0,4
14537.0,4
14538.0,4
14539.0,4
14544.0,0
14545.0,0
14546.0,0
14547.0,0
14548.0,0
14549.0,0
14550.0,0
14551.0,0
14552.0,0
14553.0,0
14554.0,0
14555.0,0
14556.0,0
14557.0,0
14558.0,0
14559.0,0
14560.0,0
14565.0,5
14566.0,5
14567.0,5
14568.0,5
14569.0,5
14570.0,5
14571.0,5
14572.0,5
14573.0,5
14574.0,5
14575.0,5
14576.0,5
14577.0,5
14578.0,5
14579.0,5
14580.0,5
14581.0,5
14582.0,5
14583.0,5
14584.0,5
14585.0,5
14586.0,5
14591.0,0
14592.0,0
14593.0,0
14594.0,0
14595.0,0
14596.0,0
14597.0,0
14598.0,0
14599.0,0
14600.0,0
14601.0,0
14602.0,0
14607.0,6
14608.0,6
14609.0,6
14610.0,6
14611.0,6
14612.0,6
14613.0,6
14614.0,6
14615.0,6
14616.0,6
14617.0,6
14618.0,6
14619.0,6
14620.0,6
14621.0,6
14622.0,6
14623.0,6
14624.0,6
14625.0,6
14626.0,6
14627.0,6
14628.0,6
14629.0,6
14630.0,6
14635.0,0
14636.0,0
14637.0,0
14638.0,0
14639.0,0
14640.0,0
14641.0,0
14642.0,0
14643.0,0
14644.0,0
14645.0,0
14646.0,0
14647.0,0
14648.0,0
14653.0,7
14654.0,7
14655.0,7
14656.0,7
14657.0,7
14658.0,7
14659.0,7
14660.0,7
14661.0,7
14662.0,7
14663.0,7
14664.0,7
14665.0,7
14666.0,7
14667.0,7
14668.0,7
14669.0,7
14670.0,7
14671.0,7
14672.0,7
14673.0,7
14674.0,7
14675.0,7
14676.0,7
14681.0,0
14682.0,0
14683.0,0
14684.0,0
14685.0,0
14686.0,0
14687.0,0
14688.0,0
14689.0,0
14690.0,0
14691.0,0
14692.0,0
14693.0,0
14694.0,0
14695.0,0
14696.0,0
14697.0,0
14702.0,8
14703.0,8
14704.0,8
14705.0,8
14706.0,8
14707.0,8
14708.0,8
14709.0,8
14710.0,8
14711.0,8
14712.0,8
14713.0,8
14714.0,8
14715.0,8
14716.0,8
14717.0,8
14718.0,8
14719.0,8
14720.0,8
14721.0,8
14722.0,8
18004.0,1
18005.0,1
18006.0,1
18007.0,1
18008.0,1
18009.0,1
18010.0,1
18011.0,1
18012.0,1
18013.0,1
18014.0,1
18015.0,1
18016.0,1
18017.0,1
18018.0,1
18019.0,1
18020.0,1
18021.0,1
18022.0,1
18023.0,1
18024.0,1
18029.0,0
18030.0,0
18031.0,0
18032.0,0
18033.0,0
18034.0,0
18035.0,0
18036.0,0
18041.0,2
18042.0,2
18043.0,2
18044.0,2
18045.0,2
18046.0,2
18047.0,2
18048.0,2
18049.0,2
18050.0,2
18051.0,2
18052.0,2
18053.0,2
18054.0,2
18055.0,2
18056.0,2
18057.0,2
18058.0,2
18059.0,2
18060.0,2
18061.0,2
18066.0,0
18067.0,0
18068.0,0
18069.0,0
18070.0,0
18071.0,0
18072.0,0
18073.0,0
18074.0,0
18075.0,0
18076.0,0
18077.0,0
18078.0,0
18079.0,0
18080.0,0
18081.0,0
18082.0,0
18083.0,0
18084.0,0
18089.0,3
18090.0,3
18091.0,3
18092.0,3
18093.0,3
18094.0,3
18095.0,3
18096.0,3
18097.0,3
18098.0,3
18099.0,3
18100.0,3
18101.0,3
18102.0,3
18103.0,3
18104.0,3
18105.0,3
18106.0,3
18107.0,3
18108.0,3
18109.0,3
18114.0,0
18115.0,0
18116.0,0
18117.0,0
18118.0,0
18119.0,0
18120.0,0
18121.0,0
18122.0,0
18127.0,4
18128.0,4
18129.0,4
18130.0,4
18131.0,4
18132.0,4
18133.0,4
18134.0,4
18135.0,4
18136.0,4
18137.0,4
18138.0,4
18139.0,4
18140.0,4
18141.0,4
18142.0,4
18143.0,4
18144.0,4
18145.0,4
18146.0,4
18151.0,0
18152.0,0
18153.0,0
18154.0,0
18155.0,0
18156.0,0
18157.0,0
18158.0,0
18159.0,0
18160.0,0
18161.0,0
18166.0,5
18167.0,5
18168.0,5
18169.0,5
18170.0,5
18171.0,5
18172.0,5
18173.0,5
18174.0,5
18175.0,5
18176.0,5
18177.0,5
18178.0,5
18179.0,5
18180.0,5
18181.0,5
18182.0,5
18183.0,5
18184.0,5
18185.0,5
18186.0,5
18187.0,5
18192.0,0
18193.0,0
18194.0,0
18195.0,0
18196.0,0
18197.0,0
18198.0,0
18199.0,0
18200.0,0
18201.0,0
18202.0,0
18203.0,0
18204.0,0
18205.0,0
18206.0,0
18207.0,0
18208.0,0
18209.0,0
18210.0,0
18211.0,0
18216.0,6
18217.0,6
18218.0,6
18219.0,6
18220.0,6
18221.0,6
18222.0,6
18223.0,6
18224.0,6
18225.0,6
18226.0,6
18227.0,6
18228.0,6
18229.0,6
18230.0,6
18231.0,6
18232.0,6
18233.0,6
18234.0,6
18235.0,6
18236.0,6
18237.0,6
18238.0,6
18243.0,0
18244.0,0
18245.0,0
18246.0,0
18247.0,0
18248.0,0
18249.0,0
18250.0,0
18251.0,0
18252.0,0
18253.0,0
18254.0,0
18255.0,0
18260.0,7
18261.0,7
18262.0,7
18263.0,7
18264.0,7
18265.0,7
18266.0,7
18267.0,7
18268.0,7
18269.0,7
18270.0,7
18271.0,7
18272.0,7
18273.0,7
18274.0,7
18275.0,7
18276.0,7
18277.0,7
18278.0,7
18279.0,7
18280.0,7
18281.0,7
18282.0,7
18283.0,7
18288.0,0
18289.0,0
18290.0,0
18291.0,0
18292.0,0
18293.0,0
18294.0,0
18295.0,0
18296.0,0
18297.0,0
18298.0,0
18299.0,0
18304.0,8
18305.0,8
18306.0,8
18307.0,8
18308.0,8
18309.0,8
18310.0,8
18311.0,8
18312.0,8
18313.0,8
18314.0,8
18315.0,8
18316.0,8
18317.0,8
18318.0,8
18319.0,8
18320.0,8
18321.0,8
18322.0,8
18323.0,8
18324.0,8
43204.0,1
43205.0,1
43206.0,1
43207.0,1
43208.0,1
43209.0,1
43210.0,1
43211.0,1
43212.0,1
43213.0,1
43214.0,1
43215.0,1
43216.0,1
43217.0,1
43218.0,1
43219.0,1
43220.0,1
43221.0,1
43222.0,1
43223.0,1
43224.0,1
43225.0,1
43226.0,1
43227.0,1
43232.0,0
43233.0,0
43234.0,0
43235.0,0
43236.0,0
43237.0,0
43238.0,0
43239.0,0
43240.0,0
43241.0,0
43242.0,0
43243.0,0
43244.0,0
43245.0,0
43246.0,0
43247.0,0
43248.0,0
43249.0,0
43250.0,0
43251.0,0
43252.0,0
43253.0,0
43254.0,0
43255.0,0
43256.0,0
43257.0,0
43262.0,2
43263.0,2
43264.0,2
43265.0,2
43266.0,2
43267.0,2
43268.0,2
43269.0,2
43270.0,2
43271.0,2
43272.0,2
43273.0,2
43274.0,2
43275.0,2
43276.0,2
43277.0,2
43278.0,2
43279.0,2
43280.0,2
43281.0,2
43282.0,2
43283.0,2
43284.0,2
43285.0,2
43286.0,2
43287.0,2
43292.0,0
43293.0,0
43294.0,0
43295.0,0
43296.0,0
43297.0,0
43298.0,0
43299.0,0
43300.0,0
43301.0,0
43302.0,0
43303.0,0
43304.0,0
43305.0,0
43306.0,0
43307.0,0
43308.0,0
43309.0,0
43310.0,0
43311.0,0
43312.0,0
43313.0,0
43314.0,0
43315.0,0
43316.0,0
43321.0,3
43322.0,3
43323.0,3
43324.0,3
43325.0,3
43326.0,3
43327.0,3
43328.0,3
43329.0,3
43330.0,3
43331.0,3
43332.0,3
43333.0,3
43334.0,3
43335.0,3
43336.0,3
43337.0,3
43338.0,3
43339.0,3
43340.0,3
43341.0,3
43342.0,3
43343.0,3
43344.0,3
43345.0,3
43346.0,3
43347.0,3
43348.0,3
43353.0,0
43354.0,0
43355.0,0
43356.0,0
43357.0,0
43358.0,0
43359.0,0
43360.0,0
43361.0,0
43362.0,0
43363.0,0
43364.0,0
43365.0,0
43366.0,0
43367.0,0
43368.0,0
43369.0,0
43370.0,0
43371.0,0
43372.0,0
43373.0,0
43374.0,0
43375.0,0
43376.0,0
43381.0,4
43382.0,4
43383.0,4
43384.0,4
43385.0,4
43386.0,4
43387.0,4
43388.0,4
43389.0,4
43390.0,4
43391.0,4
43392.0,4
43393.0,4
43394.0,4
43395.0,4
43396.0,4
43397.0,4
43398.0,4
43399.0,4
43400.0,4
43401.0,4
43402.0,4
43403.0,4
43404.0,4
43405.0,4
43406.0,4
43407.0,4
43412.0,0
43413.0,0
43414.0,0
43415.0,0
43416.0,0
43417.0,0
43418.0,0
43419.0,0
43420.0,0
43421.0,0
43422.0,0
43423.0,0
43424.0,0
43425.0,0
43426.0,0
43427.0,0
43428.0,0
43429.0,0
43430.0,0
43431.0,0
43432.0,0
43433.0,0
43434.0,0
43435.0,0
43436.0,0
43437.0,0
43438.0,0
43439.0,0
43440.0,0
43441.0,0
43442.0,0
43443.0,0
43444.0,0
43445.0,0
43446.0,0
43447.0,0
43448.0,0
43449.0,0
43450.0,0
43451.0,0
43452.0,0
43453.0,0
43454.0,0
43455.0,0
43456.0,0
43457.0,0
43458.0,0
43459.0,0
43460.0,0
43461.0,0
43462.0,0
43463.0,0
43464.0,0
43465.0,0
43466.0,0
43467.0,0
43468.0,0
43469.0,0
43470.0,0
43471.0,0
43472.0,0
43473.0,0
43474.0,0
43475.0,0
43476.0,0
43477.0,0
43478.0,0
43479.0,0
43480.0,0
43481.0,0
43482.0,0
43483.0,0
43484.0,0
43485.0,0
43486.0,0
43487.0,0
43488.0,0
43489.0,0
43490.0,0
43491.0,0
43492.0,0
43493.0,0
43494.0,0
43495.0,0
43496.0,0
43497.0,0
43498.0,0
43499.0,0
43500.0,0
43501.0,0
43502.0,0
43503.0,0
43504.0,0
43505.0,0
43506.0,0
43507.0,0
43508.0,0
43509.0,0
43510.0,0
43511.0,0
43512.0,0
43513.0,0
43514.0,0
43515.0,0
43516.0,0
43517.0,0
43518.0,0
43519.0,0
43520.0,0
43521.0,0
43522.0,0
43523.0,0
43524.0,0
43525.0,0
43526.0,0
43527.0,0
43528.0,0
43533.0,5
43534.0,5
43535.0,5
43536.0,5
43537.0,5
43538.0,5
43539.0,5
43540.0,5
43541.0,5
43542.0,5
43543.0,5
43544.0,5
43545.0,5
43546.0,5
43547.0,5
43548.0,5
43549.0,5
43550.0,5
43551.0,5
43552.0,5
43553.0,5
43554.0,5
43555.0,5
43556.0,5
43557.0,5
43558.0,5
43559.0,5
43564.0,0
43565.0,0
43566.0,0
43567.0,0
43568.0,0
43569.0,0
43570.0,0
43571.0,0
43572.0,0
43573.0,0
43574.0,0
43575.0,0
43576.0,0
43577.0,0
43578.0,0
43579.0,0
43580.0,0
43581.0,0
43582.0,0
43583.0,0
43584.0,0
43585.0,0
43586.0,0
43587.0,0
43588.0,0
43589.0,0
43590.0,0
43591.0,0
43592.0,0
43593.0,0
43594.0,0
43595.0,0
43596.0,0
43597.0,0
43598.0,0
43599.0,0
43600.0,0
43601.0,0
43602.0,0
43603.0,0
43604.0,0
43605.0,0
43606.0,0
43607.0,0
43608.0,0
43609.0,0
43610.0,0
43611.0,0
43612.0,0
43613.0,0
43614.0,0
43615.0,0
43616.0,0
43617.0,0
43618.0,0
43619.0,0
43620.0,0
43621.0,0
43622.0,0
43623.0,0
43624.0,0
43625.0,0
43626.0,0
43627.0,0
43628.0,0
43629.0,0
43630.0,0
43631.0,0
43632.0,0
43633.0,0
43634.0,0
43635.0,0
43636.0,0
43637.0,0
43638.0,0
43639.0,0
43640.0,0
43641.0,0
43642.0,0
43643.0,0
43644.0,0
43645.0,0
43646.0,0
43647.0,0
43648.0,0
43649.0,0
43650.0,0
43655.0,6
43656.0,6
43657.0,6
43658.0,6
43659.0,6
43660.0,6
43661.0,6
43662.0,6
43663.0,6
43664.0,6
43665.0,6
43666.0,6
43667.0,6
43668.0,6
43669.0,6
43670.0,6
43671.0,6
43672.0,6
43673.0,6
43674.0,6
43675.0,6
43676.0,6
43677.0,6
43678.0,6
43679.0,6
43680.0,6
43681.0,6
43686.0,0
43687.0,0
43688.0,0
43689.0,0
43690.0,0
43691.0,0
43692.0,0
43693.0,0
43694.0,0
43695.0,0
43696.0,0
43697.0,0
43698.0,0
43699.0,0
43700.0,0
43701.0,0
43702.0,0
43703.0,0
43704.0,0
43705.0,0
43706.0,0
43707.0,0
43708.0,0
43709.0,0
43710.0,0
43711.0,0
43712.0,0
43713.0,0
43714.0,0
43715.0,0
43716.0,0
43717.0,0
43718.0,0
43719.0,0
43720.0,0
43721.0,0
43722.0,0
43723.0,0
43724.0,0
43725.0,0
43726.0,0
43727.0,0
43728.0,0
43729.0,0
43730.0,0
43731.0,0
43732.0,0
43733.0,0
43734.0,0
43735.0,0
43736.0,0
43737.0,0
43738.0,0
43739.0,0
43740.0,0
43741.0,0
43742.0,0
43743.0,0
43744.0,0
43745.0,0
43746.0,0
43747.0,0
43748.0,0
43749.0,0
43750.0,0
43751.0,0
43752.0,0
43753.0,0
43754.0,0
43755.0,0
43756.0,0
43757.0,0
43758.0,0
43759.0,0
43760.0,0
43761.0,0
43762.0,0
43763.0,0
43764.0,0
43765.0,0
43766.0,0
43767.0,0
43768.0,0
43769.0,0
43770.0,0
43771.0,0
43772.0,0
43773.0,0
43774.0,0
43775.0,0
43776.0,0
43777.0,0
43778.0,0
43779.0,0
43780.0,0
43781.0,0
43782.0,0
43783.0,0
43784.0,0
43785.0,0
43786.0,0
43787.0,0
43788.0,0
43789.0,0
43790.0,0
43791.0,0
43792.0,0
43793.0,0
43794.0,0
43795.0,0
43796.0,0
43797.0,0
43798.0,0
43799.0,0
43800.0,0
43805.0,7
43806.0,7
43807.0,7
43808.0,7
43809.0,7
43810.0,7
43811.0,7
43812.0,7
43813.0,7
43814.0,7
43815.0,7
43816.0,7
43817.0,7
43818.0,7
43819.0,7
43820.0,7
43821.0,7
43822.0,7
43823.0,7
43824.0,7
43825.0,7
43826.0,7
43827.0,7
43828.0,7
43829.0,7
43830.0,7
43831.0,7
43836.0,0
43837.0,0
43838.0,0
43839.0,0
43840.0,0
43841.0,0
43842.0,0
43843.0,0
43844.0,0
43845.0,0
43846.0,0
43847.0,0
43848.0,0
43849.0,0
43850.0,0
43851.0,0
43852.0,0
43853.0,0
43854.0,0
43855.0,0
43856.0,0
43857.0,0
43858.0,0
43859.0,0
43860.0,0
43861.0,0
43862.0,0
43863.0,0
43864.0,0
43865.0,0
43866.0,0
43867.0,0
43868.0,0
43869.0,0
43870.0,0
43871.0,0
43872.0,0
43873.0,0
43874.0,0
43875.0,0
43876.0,0
43877.0,0
43878.0,0
43879.0,0
43880.0,0
43881.0,0
43882.0,0
43883.0,0
43884.0,0
43885.0,0
43886.0,0
43887.0,0
43888.0,0
43889.0,0
43890.0,0
43891.0,0
43892.0,0
43893.0,0
43894.0,0
43895.0,0
43896.0,0
43897.0,0
43898.0,0
43899.0,0
43900.0,0
43901.0,0
43902.0,0
43903.0,0
43904.0,0
43905.0,0
43906.0,0
43907.0,0
43908.0,0
43909.0,0
43910.0,0
43911.0,0
43912.0,0
43913.0,0
43914.0,0
43915.0,0
43916.0,0
43917.0,0
43918.0,0
43919.0,0
43920.0,0
43921.0,0
43922.0,0
43923.0,0
43924.0,0
43925.0,0
43926.0,0
43927.0,0
43928.0,0
43929.0,0
43930.0,0
43931.0,0
43932.0,0
43933.0,0
43934.0,0
43935.0,0
43936.0,0
43937.0,0
43938.0,0
43939.0,0
43940.0,0
43941.0,0
43942.0,0
43943.0,0
43944.0,0
43945.0,0
43946.0,0
43947.0,0
43948.0,0
43949.0,0
43950.0,0
43951.0,0
43952.0,0
43957.0,8
43958.0,8
43959.0,8
43960.0,8
43961.0,8
43962.0,8
43963.0,8
43964.0,8
43965.0,8
43966.0,8
43967.0,8
43968.0,8
43969.0,8
43970.0,8
43971.0,8
43972.0,8
43973.0,8
43974.0,8
43975.0,8
43976.0,8
43977.0,8
43978.0,8
43979.0,8
43980.0,8
43981.0,8
43982.0,8
43983.0,8
72004.0,1
72005.0,1
72006.0,1
72007.0,1
72008.0,1
72009.0,1
72010.0,1
72011.0,1
72012.0,1
72013.0,1
72014.0,1
72015.0,1
72016.0,1
72017.0,1
72018.0,1
72019.0,1
72020.0,1
72021.0,1
72022.0,1
72023.0,1
72024.0,1
72025.0,1
72026.0,1
72031.0,0
72032.0,0
72033.0,0
72034.0,0
72035.0,0
72036.0,0
72037.0,0
72038.0,0
72039.0,0
72040.0,0
72045.0,2
72046.0,2
72047.0,2
72048.0,2
72049.0,2
72050.0,2
72051.0,2
72052.0,2
72053.0,2
72054.0,2
72055.0,2
72056.0,2
72057.0,2
72058.0,2
72059.0,2
72060.0,2
72061.0,2
72062.0,2
72063.0,2
72064.0,2
72065.0,2
72066.0,2
72067.0,2
72072.0,0
72073.0,0
72074.0,0
72075.0,0
72076.0,0
72077.0,0
72078.0,0
72079.0,0
72080.0,0
72081.0,0
72086.0,3
72087.0,3
72088.0,3
72089.0,3
72090.0,3
72091.0,3
72092.0,3
72093.0,3
72094.0,3
72095.0,3
72096.0,3
72097.0,3
72098.0,3
72099.0,3
72100.0,3
72101.0,3
72102.0,3
72103.0,3
72104.0,3
72105.0,3
72106.0,3
72107.0,3
72108.0,3
72113.0,0
72114.0,0
72115.0,0
72116.0,0
72117.0,0
72118.0,0
72119.0,0
72120.0,0
72121.0,0
72122.0,0
72127.0,4
72128.0,4
72129.0,4
72130.0,4
72131.0,4
72132.0,4
72133.0,4
72134.0,4
72135.0,4
72136.0,4
72137.0,4
72138.0,4
72139.0,4
72140.0,4
72141.0,4
72142.0,4
72143.0,4
72144.0,4
72145.0,4
72146.0,4
72147.0,4
72148.0,4
72149.0,4
72150.0,4
72155.0,0
72156.0,0
72157.0,0
72158.0,0
72159.0,0
72160.0,0
72161.0,0
72162.0,0
72163.0,0
72168.0,5
72169.0,5
72170.0,5
72171.0,5
72172.0,5
72173.0,5
72174.0,5
72175.0,5
72176.0,5
72177.0,5
72178.0,5
72179.0,5
72180.0,5
72181.0,5
72182.0,5
72183.0,5
72184.0,5
72185.0,5
72186.0,5
72187.0,5
72188.0,5
72189.0,5
72190.0,5
72195.0,0
72196.0,0
72197.0,0
72198.0,0
72199.0,0
72200.0,0
72201.0,0
72202.0,0
72203.0,0
72204.0,0
72209.0,6
72210.0,6
72211.0,6
72212.0,6
72213.0,6
72214.0,6
72215.0,6
72216.0,6
72217.0,6
72218.0,6
72219.0,6
72220.0,6
72221.0,6
72222.0,6
72223.0,6
72224.0,6
72225.0,6
72226.0,6
72227.0,6
72228.0,6
72229.0,6
72230.0,6
72231.0,6
72232.0,6
72237.0,0
72238.0,0
72239.0,0
72240.0,0
72241.0,0
72242.0,0
72243.0,0
72244.0,0
72245.0,0
72246.0,0
72251.0,7
72252.0,7
72253.0,7
72254.0,7
72255.0,7
72256.0,7
72257.0,7
72258.0,7
72259.0,7
72260.0,7
72261.0,7
72262.0,7
72263.0,7
72264.0,7
72265.0,7
72266.0,7
72267.0,7
72268.0,7
72269.0,7
72270.0,7
72271.0,7
72272.0,7
72273.0,7
72278.0,0
72279.0,0
72280.0,0
72281.0,0
72282.0,0
72283.0,0
72284.0,0
72285.0,0
72286.0,0
72287.0,0
72292.0,8
72293.0,8
72294.0,8
72295.0,8
72296.0,8
72297.0,8
72298.0,8
72299.0,8
72300.0,8
72301.0,8
72302.0,8
72303.0,8
72304.0,8
72305.0,8
72306.0,8
72307.0,8
72308.0,8
72309.0,8
72310.0,8
72311.0,8
72312.0,8
72313.0,8
72314.0,8
72315.0,8
75604.0,1
75605.0,1
75606.0,1
75607.0,1
75608.0,1
75609.0,1
75610.0,1
75611.0,1
75612.0,1
75613.0,1
75614.0,1
75615.0,1
75616.0,1
75617.0,1
75618.0,1
75619.0,1
75620.0,1
75621.0,1
75622.0,1
75623.0,1
75624.0,1
75625.0,1
75626.0,1
75631.0,0
75632.0,0
75633.0,0
75634.0,0
75635.0,0
75636.0,0
75637.0,0
75638.0,0
75639.0,0
75644.0,2
75645.0,2
75646.0,2
75647.0,2
75648.0,2
75649.0,2
75650.0,2
75651.0,2
75652.0,2
75653.0,2
75654.0,2
75655.0,2
75656.0,2
75657.0,2
75658.0,2
75659.0,2
75660.0,2
75661.0,2
75662.0,2
75663.0,2
75664.0,2
75665.0,2
75666.0,2
75667.0,2
75672.0,0
75673.0,0
75674.0,0
75675.0,0
75676.0,0
75677.0,0
75678.0,0
75679.0,0
75680.0,0
75685.0,3
75686.0,3
75687.0,3
75688.0,3
75689.0,3
75690.0,3
75691.0,3
75692.0,3
75693.0,3
75694.0,3
75695.0,3
75696.0,3
75697.0,3
75698.0,3
75699.0,3
75700.0,3
75701.0,3
75702.0,3
75703.0,3
75704.0,3
75705.0,3
75706.0,3
75707.0,3
75708.0,3
75713.0,0
75714.0,0
75715.0,0
75716.0,0
75717.0,0
75718.0,0
75719.0,0
75720.0,0
75721.0,0
75726.0,4
75727.0,4
75728.0,4
75729.0,4
75730.0,4
75731.0,4
75732.0,4
75733.0,4
75734.0,4
75735.0,4
75736.0,4
75737.0,4
75738.0,4
75739.0,4
75740.0,4
75741.0,4
75742.0,4
75743.0,4
75744.0,4
75745.0,4
75746.0,4
75747.0,4
75748.0,4
75753.0,0
75754.0,0
75755.0,0
75756.0,0
75757.0,0
75758.0,0
75759.0,0
75760.0,0
75761.0,0
75762.0,0
75767.0,5
75768.0,5
75769.0,5
75770.0,5
75771.0,5
75772.0,5
75773.0,5
75774.0,5
75775.0,5
75776.0,5
75777.0,5
75778.0,5
75779.0,5
75780.0,5
75781.0,5
75782.0,5
75783.0,5
75784.0,5
75785.0,5
75786.0,5
75787.0,5
75788.0,5
75789.0,5
75794.0,0
75795.0,0
75796.0,0
75797.0,0
75798.0,0
75799.0,0
75800.0,0
75801.0,0
75802.0,0
75803.0,0
75808.0,6
75809.0,6
75810.0,6
75811.0,6
75812.0,6
75813.0,6
75814.0,6
75815.0,6
75816.0,6
75817.0,6
75818.0,6
75819.0,6
75820.0,6
75821.0,6
75822.0,6
75823.0,6
75824.0,6
75825.0,6
75826.0,6
75827.0,6
75828.0,6
75829.0,6
75830.0,6
75831.0,6
75836.0,0
75837.0,0
75838.0,0
75839.0,0
75840.0,0
75841.0,0
75842.0,0
75843.0,0
75844.0,0
75849.0,7
75850.0,7
75851.0,7
75852.0,7
75853.0,7
75854.0,7
75855.0,7
75856.0,7
75857.0,7
75858.0,7
75859.0,7
75860.0,7
75861.0,7
75862.0,7
75863.0,7
75864.0,7
75865.0,7
75866.0,7
75867.0,7
75868.0,7
75869.0,7
75870.0,7
75871.0,7
75872.0,7
75877.0,0
75878.0,0
75879.0,0
75880.0,0
75881.0,0
75882.0,0
75883.0,0
75884.0,0
75885.0,0
75886.0,0
75891.0,8
75892.0,8
75893.0,8
75894.0,8
75895.0,8
75896.0,8
75897.0,8
75898.0,8
75899.0,8
75900.0,8
75901.0,8
75902.0,8
75903.0,8
75904.0,8
75905.0,8
75906.0,8
75907.0,8
75908.0,8
75909.0,8
75910.0,8
75911.0,8
75912.0,8
75913.0,8
75914.0,8
75915.0,8
129604.0,1
129605.0,1
129606.0,1
129607.0,1
129608.0,1
129609.0,1
129610.0,1
129611.0,1
129612.0,1
129613.0,1
129614.0,1
129615.0,1
129616.0,1
129617.0,1
129618.0,1
129619.0,1
129620.0,1
129621.0,1
129626.0,0
129627.0,0
129628.0,0
129629.0,0
129630.0,0
129631.0,0
129632.0,0
129633.0,0
129634.0,0
129635.0,0
129636.0,0
129637.0,0
129638.0,0
129639.0,0
129640.0,0
129641.0,0
129642.0,0
129647.0,2
129648.0,2
129649.0,2
129650.0,2
129651.0,2
129652.0,2
129653.0,2
129654.0,2
129655.0,2
129656.0,2
129657.0,2
129658.0,2
129659.0,2
129660.0,2
129661.0,2
129662.0,2
129663.0,2
129664.0,2
129665.0,2
129666.0,2
129671.0,0
129672.0,0
129673.0,0
129674.0,0
129675.0,0
129676.0,0
129677.0,0
129678.0,0
129679.0,0
129680.0,0
129681.0,0
129682.0,0
129683.0,0
129684.0,0
129685.0,0
129690.0,3
129691.0,3
129692.0,3
129693.0,3
129694.0,3
129695.0,3
129696.0,3
129697.0,3
129698.0,3
129699.0,3
129700.0,3
129701.0,3
129702.0,3
129703.0,3
129704.0,3
129705.0,3
129706.0,3
129707.0,3
129708.0,3
129709.0,3
129714.0,0
129715.0,0
129716.0,0
129717.0,0
129718.0,0
129719.0,0
129720.0,0
129721.0,0
129722.0,0
129723.0,0
129724.0,0
129725.0,0
129726.0,0
129727.0,0
129728.0,0
129733.0,4
129734.0,4
129735.0,4
129736.0,4
129737.0,4
129738.0,4
129739.0,4
129740.0,4
129741.0,4
129742.0,4
129743.0,4
129744.0,4
129745.0,4
129746.0,4
129747.0,4
129748.0,4
129749.0,4
129750.0,4
129751.0,4
129756.0,0
129757.0,0
129758.0,0
129759.0,0
129760.0,0
129761.0,0
129762.0,0
129763.0,0
129764.0,0
129765.0,0
129766.0,0
129767.0,0
129768.0,0
129769.0,0
129770.0,0
129771.0,0
129772.0,0
129773.0,0
129774.0,0
129775.0,0
129780.0,5
129781.0,5
129782.0,5
129783.0,5
129784.0,5
129785.0,5
129786.0,5
129787.0,5
129788.0,5
129789.0,5
129790.0,5
129791.0,5
129792.0,5
129793.0,5
129794.0,5
129795.0,5
129796.0,5
129797.0,5
129798.0,5
129803.0,0
129804.0,0
129805.0,0
129806.0,0
129807.0,0
129808.0,0
129809.0,0
129810.0,0
129811.0,0
129812.0,0
129813.0,0
129814.0,0
129815.0,0
129816.0,0
129817.0,0
129818.0,0
129819.0,0
129820.0,0
129821.0,0
129822.0,0
129823.0,0
129824.0,0
129825.0,0
129826.0,0
129827.0,0
129828.0,0
129829.0,0
129830.0,0
129831.0,0
129832.0,0
129833.0,0
129834.0,0
129835.0,0
129836.0,0
129837.0,0
129838.0,0
129839.0,0
129840.0,0
129841.0,0
129842.0,0
129843.0,0
129844.0,0
129845.0,0
129846.0,0
129847.0,0
129848.0,0
129849.0,0
129850.0,0
129851.0,0
129852.0,0
129857.0,6
129858.0,6
129859.0,6
129860.0,6
129861.0,6
129862.0,6
129863.0,6
129864.0,6
129865.0,6
129866.0,6
129867.0,6
129868.0,6
129869.0,6
129870.0,6
129871.0,6
129872.0,6
129873.0,6
129874.0,6
129875.0,6
129880.0,0
129881.0,0
129882.0,0
129883.0,0
129884.0,0
129885.0,0
129886.0,0
129887.0,0
129888.0,0
129889.0,0
129890.0,0
129891.0,0
129892.0,0
129893.0,0
129894.0,0
129899.0,7
129900.0,7
129901.0,7
129902.0,7
129903.0,7
129904.0,7
129905.0,7
129906.0,7
129907.0,7
129908.0,7
129909.0,7
129910.0,7
129911.0,7
129912.0,7
129913.0,7
129914.0,7
129915.0,7
129916.0,7
129917.0,7
129922.0,0
129923.0,0
129924.0,0
129925.0,0
129926.0,0
129927.0,0
129928.0,0
129929.0,0
129930.0,0
129931.0,0
129932.0,0
129933.0,0
129934.0,0
129935.0,0
129940.0,8
129941.0,8
129942.0,8
129943.0,8
129944.0,8
129945.0,8
129946.0,8
129947.0,8
129948.0,8
129949.0,8
129950.0,8
129951.0,8
129952.0,8
129953.0,8
129954.0,8
129955.0,8
129956.0,8
129957.0,8
133204.0,1
133205.0,1
133206.0,1
133207.0,1
133208.0,1
133209.0,1
133210.0,1
133211.0,1
133212.0,1
133213.0,1
133214.0,1
133215.0,1
133216.0,1
133217.0,1
133218.0,1
133219.0,1
133220.0,1
133221.0,1
133226.0,0
133227.0,0
133228.0,0
133229.0,0
133230.0,0
133231.0,0
133232.0,0
133233.0,0
133234.0,0
133239.0,2
133240.0,2
133241.0,2
133242.0,2
133243.0,2
133244.0,2
133245.0,2
133246.0,2
133247.0,2
133248.0,2
133249.0,2
133250.0,2
133251.0,2
133252.0,2
133253.0,2
133254.0,2
133255.0,2
133256.0,2
133261.0,0
133262.0,0
133263.0,0
133264.0,0
133265.0,0
133266.0,0
133267.0,0
133268.0,0
133269.0,0
133270.0,0
133271.0,0
133276.0,3
133277.0,3
133278.0,3
133279.0,3
133280.0,3
133281.0,3
133282.0,3
133283.0,3
133284.0,3
133285.0,3
133286.0,3
133287.0,3
133288.0,3
133289.0,3
133290.0,3
133291.0,3
133292.0,3
133293.0,3
133298.0,0
133299.0,0
133300.0,0
133301.0,0
133302.0,0
133303.0,0
133304.0,0
133305.0,0
133306.0,0
133307.0,0
133308.0,0
133309.0,0
133310.0,0
133311.0,0
133316.0,4
133317.0,4
133318.0,4
133319.0,4
133320.0,4
133321.0,4
133322.0,4
133323.0,4
133324.0,4
133325.0,4
133326.0,4
133327.0,4
133328.0,4
133329.0,4
133330.0,4
133331.0,4
133332.0,4
133333.0,4
133334.0,4
133339.0,0
133340.0,0
133341.0,0
133342.0,0
133343.0,0
133344.0,0
133345.0,0
133346.0,0
133347.0,0
133348.0,0
133349.0,0
133350.0,0
133351.0,0
133352.0,0
133353.0,0
133354.0,0
133355.0,0
133356.0,0
133357.0,0
133358.0,0
133363.0,5
133364.0,5
133365.0,5
133366.0,5
133367.0,5
133368.0,5
133369.0,5
133370.0,5
133371.0,5
133372.0,5
133373.0,5
133374.0,5
133375.0,5
133376.0,5
133377.0,5
133378.0,5
133379.0,5
133380.0,5
133381.0,5
133386.0,0
133387.0,0
133388.0,0
133389.0,0
133390.0,0
133391.0,0
133392.0,0
133393.0,0
133394.0,0
133395.0,0
133396.0,0
133397.0,0
133398.0,0
133399.0,0
133400.0,0
133401.0,0
133402.0,0
133403.0,0
133404.0,0
133405.0,0
133406.0,0
133407.0,0
133408.0,0
133409.0,0
133410.0,0
133411.0,0
133412.0,0
133413.0,0
133414.0,0
133415.0,0
133416.0,0
133421.0,6
133422.0,6
133423.0,6
133424.0,6
133425.0,6
133426.0,6
133427.0,6
133428.0,6
133429.0,6
133430.0,6
133431.0,6
133432.0,6
133433.0,6
133434.0,6
133435.0,6
133436.0,6
133437.0,6
133438.0,6
133439.0,6
133444.0,0
133445.0,0
133446.0,0
133447.0,0
133448.0,0
133449.0,0
133450.0,0
133451.0,0
133452.0,0
133453.0,0
133454.0,0
133455.0,0
133456.0,0
133457.0,0
133458.0,0
133459.0,0
133460.0,0
133461.0,0
133466.0,7
133467.0,7
133468.0,7
133469.0,7
133470.0,7
133471.0,7
133472.0,7
133473.0,7
133474.0,7
133475.0,7
133476.0,7
133477.0,7
133478.0,7
133479.0,7
133480.0,7
133481.0,7
133482.0,7
133483.0,7
133484.0,7
133489.0,0
133490.0,0
133491.0,0
133492.0,0
133493.0,0
133494.0,0
133495.0,0
133496.0,0
133497.0,0
133498.0,0
133499.0,0
133500.0,0
133501.0,0
133502.0,0
133503.0,0
133508.0,8
133509.0,8
133510.0,8
133511.0,8
133512.0,8
133513.0,8
133514.0,8
133515.0,8
133516.0,8
133517.0,8
133518.0,8
133519.0,8
133520.0,8
133521.0,8
133522.0,8
133523.0,8
133524.0,8
133525.0,8
108004.0,1
108005.0,1
108006.0,1
108007.0,1
108008.0,1
108009.0,1
108010.0,1
108011.0,1
108012.0,1
108013.0,1
108014.0,1
108015.0,1
108016.0,1
108017.0,1
108018.0,1
108023.0,0
108024.0,0
108025.0,0
108026.0,0
108027.0,0
108028.0,0
108029.0,0
108030.0,0
108031.0,0
108032.0,0
108033.0,0
108034.0,0
108035.0,0
108036.0,0
108037.0,0
108038.0,0
108039.0,0
108040.0,0
108041.0,0
108046.0,2
108047.0,2
108048.0,2
108049.0,2
108050.0,2
108051.0,2
108052.0,2
108053.0,2
108054.0,2
108055.0,2
108056.0,2
108057.0,2
108058.0,2
108059.0,2
108060.0,2
108061.0,2
108062.0,2
108063.0,2
108068.0,0
108069.0,0
108070.0,0
108071.0,0
108072.0,0
108073.0,0
108074.0,0
108075.0,0
108076.0,0
108077.0,0
108078.0,0
108079.0,0
108080.0,0
108081.0,0
108082.0,0
108083.0,0
108084.0,0
108085.0,0
108086.0,0
108091.0,3
108092.0,3
108093.0,3
108094.0,3
108095.0,3
108096.0,3
108097.0,3
108098.0,3
108099.0,3
108100.0,3
108101.0,3
108102.0,3
108103.0,3
108104.0,3
108105.0,3
108106.0,3
108107.0,3
108108.0,3
108113.0,0
108114.0,0
108115.0,0
108116.0,0
108117.0,0
108118.0,0
108119.0,0
108120.0,0
108121.0,0
108122.0,0
108123.0,0
108124.0,0
108125.0,0
108126.0,0
108127.0,0
108128.0,0
108129.0,0
108130.0,0
108131.0,0
108136.0,4
108137.0,4
108138.0,4
108139.0,4
108140.0,4
108141.0,4
108142.0,4
108143.0,4
108144.0,4
108145.0,4
108146.0,4
108147.0,4
108148.0,4
108149.0,4
108150.0,4
108151.0,4
108152.0,4
108153.0,4
108158.0,0
108159.0,0
108160.0,0
108161.0,0
108162.0,0
108163.0,0
108164.0,0
108165.0,0
108166.0,0
108167.0,0
108168.0,0
108169.0,0
108170.0,0
108171.0,0
108172.0,0
108173.0,0
108174.0,0
108175.0,0
108176.0,0
108177.0,0
108178.0,0
108179.0,0
108180.0,0
108181.0,0
108186.0,5
108187.0,5
108188.0,5
108189.0,5
108190.0,5
108191.0,5
108192.0,5
108193.0,5
108194.0,5
108195.0,5
108196.0,5
108197.0,5
108198.0,5
108199.0,5
108200.0,5
108201.0,5
108202.0,5
108203.0,5
108204.0,5
108209.0,0
108210.0,0
108211.0,0
108212.0,0
108213.0,0
108214.0,0
108215.0,0
108216.0,0
108217.0,0
108218.0,0
108219.0,0
108220.0,0
108221.0,0
108222.0,0
108223.0,0
108224.0,0
108225.0,0
108226.0,0
108227.0,0
108232.0,6
108233.0,6
108234.0,6
108235.0,6
108236.0,6
108237.0,6
108238.0,6
108239.0,6
108240.0,6
108241.0,6
108242.0,6
108243.0,6
108244.0,6
108245.0,6
108246.0,6
108247.0,6
108248.0,6
108249.0,6
108254.0,0
108255.0,0
108256.0,0
108257.0,0
108258.0,0
108259.0,0
108260.0,0
108261.0,0
108262.0,0
108263.0,0
108264.0,0
108265.0,0
108266.0,0
108267.0,0
108268.0,0
108269.0,0
108270.0,0
108271.0,0
108272.0,0
108277.0,7
108278.0,7
108279.0,7
108280.0,7
108281.0,7
108282.0,7
108283.0,7
108284.0,7
108285.0,7
108286.0,7
108287.0,7
108288.0,7
108289.0,7
108290.0,7
108291.0,7
108292.0,7
108293.0,7
108294.0,7
108302.0,8
108303.0,8
108304.0,8
108305.0,8
108306.0,8
108307.0,8
108308.0,8
108309.0,8
108310.0,8
108311.0,8
108312.0,8
108313.0,8
108314.0,8
108315.0,8
108316.0,8
108317.0,8
108318.0,8
108319.0,8
111604.0,1
111605.0,1
111606.0,1
111607.0,1
111608.0,1
111609.0,1
111610.0,1
111611.0,1
111612.0,1
111613.0,1
111614.0,1
111615.0,1
111616.0,1
111617.0,1
111618.0,1
111623.0,0
111624.0,0
111625.0,0
111626.0,0
111627.0,0
111628.0,0
111629.0,0
111630.0,0
111631.0,0
111632.0,0
111633.0,0
111634.0,0
111635.0,0
111636.0,0
111637.0,0
111638.0,0
111639.0,0
111640.0,0
111641.0,0
111646.0,2
111647.0,2
111648.0,2
111649.0,2
111650.0,2
111651.0,2
111652.0,2
111653.0,2
111654.0,2
111655.0,2
111656.0,2
111657.0,2
111658.0,2
111659.0,2
111660.0,2
111661.0,2
111662.0,2
111663.0,2
111668.0,0
111669.0,0
111670.0,0
111671.0,0
111672.0,0
111673.0,0
111674.0,0
111675.0,0
111676.0,0
111677.0,0
111678.0,0
111679.0,0
111680.0,0
111681.0,0
111682.0,0
111683.0,0
111684.0,0
111685.0,0
111686.0,0
111691.0,3
111692.0,3
111693.0,3
111694.0,3
111695.0,3
111696.0,3
111697.0,3
111698.0,3
111699.0,3
111700.0,3
111701.0,3
111702.0,3
111703.0,3
111704.0,3
111705.0,3
111706.0,3
111707.0,3
111708.0,3
111713.0,0
111714.0,0
111715.0,0
111716.0,0
111717.0,0
111718.0,0
111719.0,0
111720.0,0
111721.0,0
111722.0,0
111723.0,0
111724.0,0
111725.0,0
111726.0,0
111727.0,0
111728.0,0
111729.0,0
111730.0,0
111731.0,0
111736.0,4
111737.0,4
111738.0,4
111739.0,4
111740.0,4
111741.0,4
111742.0,4
111743.0,4
111744.0,4
111745.0,4
111746.0,4
111747.0,4
111748.0,4
111749.0,4
111750.0,4
111751.0,4
111752.0,4
111753.0,4
111758.0,0
111759.0,0
111760.0,0
111761.0,0
111762.0,0
111763.0,0
111764.0,0
111765.0,0
111766.0,0
111767.0,0
111768.0,0
111769.0,0
111770.0,0
111771.0,0
111772.0,0
111773.0,0
111774.0,0
111775.0,0
111776.0,0
111781.0,5
111782.0,5
111783.0,5
111784.0,5
111785.0,5
111786.0,5
111787.0,5
111788.0,5
111789.0,5
111790.0,5
111791.0,5
111792.0,5
111793.0,5
111794.0,5
111795.0,5
111796.0,5
111797.0,5
111798.0,5
111803.0,0
111804.0,0
111805.0,0
111806.0,0
111807.0,0
111808.0,0
111809.0,0
111810.0,0
111811.0,0
111812.0,0
111813.0,0
111814.0,0
111815.0,0
111816.0,0
111817.0,0
111818.0,0
111819.0,0
111820.0,0
111821.0,0
111826.0,6
111827.0,6
111828.0,6
111829.0,6
111830.0,6
111831.0,6
111832.0,6
111833.0,6
111834.0,6
111835.0,6
111836.0,6
111837.0,6
111838.0,6
111839.0,6
111840.0,6
111841.0,6
111842.0,6
111843.0,6
111848.0,0
111849.0,0
111850.0,0
111851.0,0
111852.0,0
111853.0,0
111854.0,0
111855.0,0
111856.0,0
111857.0,0
111858.0,0
111859.0,0
111860.0,0
111861.0,0
111862.0,0
111863.0,0
111864.0,0
111865.0,0
111866.0,0
111871.0,7
111872.0,7
111873.0,7
111874.0,7
111875.0,7
111876.0,7
111877.0,7
111878.0,7
111879.0,7
111880.0,7
111881.0,7
111882.0,7
111883.0,7
111884.0,7
111885.0,7
111886.0,7
111887.0,7
111888.0,7
111893.0,0
111894.0,0
111895.0,0
111896.0,0
111897.0,0
111898.0,0
111899.0,0
111900.0,0
111901.0,0
111902.0,0
111903.0,0
111904.0,0
111905.0,0
111906.0,0
111907.0,0
111908.0,0
111909.0,0
111910.0,0
111911.0,0
111916.0,8
111917.0,8
111918.0,8
111919.0,8
111920.0,8
111921.0,8
111922.0,8
111923.0,8
111924.0,8
111925.0,8
111926.0,8
111927.0,8
111928.0,8
111929.0,8
111930.0,8
111931.0,8
111932.0,8
111933.0,8
50404.0,1
50405.0,1
50406.0,1
50407.0,1
50408.0,1
50409.0,1
50410.0,1
50411.0,1
50412.0,1
50413.0,1
50414.0,1
50415.0,1
50416.0,1
50417.0,1
50418.0,1
50419.0,1
50420.0,1
50421.0,1
50422.0,1
50423.0,1
50424.0,1
50428.1,0
50429.1,0
50430.1,0
50431.1,0
50432.1,0
50433.1,0
50434.1,0
50435.1,0
50439.82,2
50440.82,2
50441.82,2
50442.82,2
50443.82,2
50444.82,2
50445.82,2
50446.82,2
50447.82,2
50448.82,2
50449.82,2
50450.82,2
50451.82,2
50452.82,2
50453.82,2
50454.82,2
50455.82,2
50456.82,2
50457.82,2
50458.82,2
50463.59,0
50464.59,0
50465.59,0
50466.59,0
50467.59,0
50468.59,0
50469.59,0
50470.59,0
50475.15,3
50476.15,3
50477.15,3
50478.15,3
50479.15,3
50480.15,3
50481.15,3
50482.15,3
50483.15,3
50484.15,3
50485.15,3
50486.15,3
50487.15,3
50488.15,3
50489.15,3
50490.15,3
50491.15,3
50492.15,3
50493.15,3
50494.15,3
50498.83,0
50499.83,0
50500.83,0
50501.83,0
50502.83,0
50503.83,0
50504.83,0
50509.16,4
50510.16,4
50511.16,4
50512.16,4
50513.16,4
50514.16,4
50515.16,4
50516.16,4
50517.16,4
50518.16,4
50519.16,4
50520.16,4
50521.16,4
50522.16,4
50523.16,4
50524.16,4
50525.16,4
50526.16,4
50527.16,4
50528.16,4
50533.13,0
50534.13,0
50535.13,0
50536.13,0
50537.13,0
50538.13,0
50539.13,0
50540.13,0
50541.13,0
50542.13,0
50546.66,5
50547.66,5
50548.66,5
50549.66,5
50550.66,5
50551.66,5
50552.66,5
50553.66,5
50554.66,5
50555.66,5
50556.66,5
50557.66,5
50558.66,5
50559.66,5
50560.66,5
50561.66,5
50562.66,5
50563.66,5
50564.66,5
50565.66,5
50569.95,0
50570.95,0
50571.95,0
50572.95,0
50573.95,0
50574.95,0
50575.95,0
50576.95,0
50581.04,6
50582.04,6
50583.04,6
50584.04,6
50585.04,6
50586.04,6
50587.04,6
50588.04,6
50589.04,6
50590.04,6
50591.04,6
50592.04,6
50593.04,6
50594.04,6
50595.04,6
50596.04,6
50597.04,6
50598.04,6
50599.04,6
50600.04,6
50604.28,0
50605.28,0
50606.28,0
50607.28,0
50608.28,0
50609.28,0
50613.58,7
50614.58,7
50615.58,7
50616.58,7
50617.58,7
50618.58,7
50619.58,7
50620.58,7
50621.58,7
50622.58,7
50623.58,7
50624.58,7
50625.58,7
50626.58,7
50627.58,7
50628.58,7
50629.58,7
50630.58,7
50631.58,7
50632.58,7
50637.54,0
50638.54,0
50639.54,0
50640.54,0
50641.54,0
50642.54,0
50647.2,8
50648.2,8
50649.2,8
50650.2,8
50651.2,8
50652.2,8
50653.2,8
50654.2,8
50655.2,8
50656.2,8
50657.2,8
50658.2,8
50659.2,8
50660.2,8
50661.2,8
50662.2,8
50663.2,8
50664.2,8
50665.2,8
54004.0,1
54005.0,1
54006.0,1
54007.0,1
54008.0,1
54009.0,1
54010.0,1
54011.0,1
54012.0,1
54013.0,1
54014.0,1
54015.0,1
54016.0,1
54017.0,1
54018.0,1
54019.0,1
54020.0,1
54021.0,1
54022.0,1
54026.81,0
54027.81,0
54028.81,0
54029.81,0
54030.81,0
54031.81,0
54032.81,0
54036.93,2
54037.93,2
54038.93,2
54039.93,2
54040.93,2
54041.93,2
54042.93,2
54043.93,2
54044.93,2
54045.93,2
54046.93,2
54047.93,2
54048.93,2
54049.93,2
54050.93,2
54051.93,2
54052.93,2
54053.93,2
54054.93,2
54055.93,2
54060.06,0
54061.06,0
54062.06,0
54063.06,0
54064.06,0
54065.06,0
54066.06,0
54070.23,3
54071.23,3
54072.23,3
54073.23,3
54074.23,3
54075.23,3
54076.23,3
54077.23,3
54078.23,3
54079.23,3
54080.23,3
54081.23,3
54082.23,3
54083.23,3
54084.23,3
54085.23,3
54086.23,3
54087.23,3
54088.23,3
54089.23,3
54093.82,0
54094.82,0
54095.82,0
54096.82,0
54097.82,0
54098.82,0
54103.49,4
54104.49,4
54105.49,4
54106.49,4
54107.49,4
54108.49,4
54109.49,4
54110.49,4
54111.49,4
54112.49,4
54113.49,4
54114.49,4
54115.49,4
54116.49,4
54117.49,4
54118.49,4
54119.49,4
54120.49,4
54121.49,4
54122.49,4
54126.76,0
54127.76,0
54128.76,0
54129.76,0
54130.76,0
54131.76,0
54136.66,5
54137.66,5
54138.66,5
54139.66,5
54140.66,5
54141.66,5
54142.66,5
54143.66,5
54144.66,5
54145.66,5
54146.66,5
54147.66,5
54148.66,5
54149.66,5
54150.66,5
54151.66,5
54152.66,5
54153.66,5
54154.66,5
54155.66,5
54160.02,0
54161.02,0
54162.02,0
54163.02,0
54164.02,0
54165.02,0
54166.02,0
54167.02,0
54171.42,6
54172.42,6
54173.42,6
54174.42,6
54175.42,6
54176.42,6
54177.42,6
54178.42,6
54179.42,6
54180.42,6
54181.42,6
54182.42,6
54183.42,6
54184.42,6
54185.42,6
54186.42,6
54187.42,6
54188.42,6
54189.42,6
54190.42,6
54194.89,0
54195.89,0
54196.89,0
54197.89,0
54198.89,0
54199.89,0
54204.42,7
54205.42,7
54206.42,7
54207.42,7
54208.42,7
54209.42,7
54210.42,7
54211.42,7
54212.42,7
54213.42,7
54214.42,7
54215.42,7
54216.42,7
54217.42,7
54218.42,7
54219.42,7
54220.42,7
54221.42,7
54222.42,7
54223.42,7
54227.91,0
54228.91,0
54229.91,0
54230.91,0
54231.91,0
54232.91,0
54237.42,8
54238.42,8
54239.42,8
54240.42,8
54241.42,8
54242.42,8
54243.42,8
54244.42,8
54245.42,8
54246.42,8
54247.42,8
54248.42,8
54249.42,8
54250.42,8
54251.42,8
54252.42,8
54253.42,8
54254.42,8
54255.42,8
54256.42,8
216004.0,1
216005.0,1
216006.0,1
216007.0,1
216008.0,1
216009.0,1
216010.0,1
216011.0,1
216012.0,1
216013.0,1
216014.0,1
216015.0,1
216016.0,1
216017.0,1
216018.0,1
216019.0,1
216020.0,1
216021.0,1
216022.0,1
216023.0,1
216024.0,1
216025.0,1
216026.0,1
216027.0,1
216028.0,1
216033.0,0
216034.0,0
216035.0,0
216036.0,0
216037.0,0
216038.0,0
216039.0,0
216040.0,0
216041.0,0
216046.0,2
216047.0,2
216048.0,2
216049.0,2
216050.0,2
216051.0,2
216052.0,2
216053.0,2
216054.0,2
216055.0,2
216056.0,2
216057.0,2
216058.0,2
216059.0,2
216060.0,2
216061.0,2
216062.0,2
216063.0,2
216064.0,2
216065.0,2
216066.0,2
216067.0,2
216068.0,2
216069.0,2
216070.0,2
216071.0,2
216072.0,2
216073.0,2
216078.0,0
216079.0,0
216080.0,0
216081.0,0
216082.0,0
216083.0,0
216084.0,0
216085.0,0
216086.0,0
216091.0,3
216092.0,3
216093.0,3
216094.0,3
216095.0,3
216096.0,3
216097.0,3
216098.0,3
216099.0,3
216100.0,3
216101.0,3
216102.0,3
216103.0,3
216104.0,3
216105.0,3
216106.0,3
216107.0,3
216108.0,3
216109.0,3
216110.0,3
216111.0,3
216112.0,3
216113.0,3
216114.0,3
216115.0,3
216116.0,3
216117.0,3
216118.0,3
216123.0,0
216124.0,0
216125.0,0
216126.0,0
216127.0,0
216128.0,0
216129.0,0
216130.0,0
216131.0,0
216136.0,4
216137.0,4
216138.0,4
216139.0,4
216140.0,4
216141.0,4
216142.0,4
216143.0,4
216144.0,4
216145.0,4
216146.0,4
216147.0,4
216148.0,4
216149.0,4
216150.0,4
216151.0,4
216152.0,4
216153.0,4
216154.0,4
216155.0,4
216156.0,4
216157.0,4
216158.0,4
216159.0,4
216160.0,4
216161.0,4
216162.0,4
216163.0,4
216168.0,0
216169.0,0
216170.0,0
216171.0,0
216172.0,0
216173.0,0
216174.0,0
216175.0,0
216176.0,0
216181.0,5
216182.0,5
216183.0,5
216184.0,5
216185.0,5
216186.0,5
216187.0,5
216188.0,5
216189.0,5
216190.0,5
216191.0,5
216192.0,5
216193.0,5
216194.0,5
216195.0,5
216196.0,5
216197.0,5
216198.0,5
216199.0,5
216200.0,5
216201.0,5
216202.0,5
216203.0,5
216204.0,5
216205.0,5
216206.0,5
216207.0,5
216208.0,5
216213.0,0
216214.0,0
216215.0,0
216216.0,0
216217.0,0
216218.0,0
216219.0,0
216220.0,0
216221.0,0
216226.0,6
216227.0,6
216228.0,6
216229.0,6
216230.0,6
216231.0,6
216232.0,6
216233.0,6
216234.0,6
216235.0,6
216236.0,6
216237.0,6
216238.0,6
216239.0,6
216240.0,6
216241.0,6
216242.0,6
216243.0,6
216244.0,6
216245.0,6
216246.0,6
216247.0,6
216248.0,6
216249.0,6
216250.0,6
216251.0,6
216252.0,6
216253.0,6
216258.0,0
216259.0,0
216260.0,0
216261.0,0
216262.0,0
216263.0,0
216264.0,0
216265.0,0
216266.0,0
216271.0,7
216272.0,7
216273.0,7
216274.0,7
216275.0,7
216276.0,7
216277.0,7
216278.0,7
216279.0,7
216280.0,7
216281.0,7
216282.0,7
216283.0,7
216284.0,7
216285.0,7
216286.0,7
216287.0,7
216288.0,7
216289.0,7
216290.0,7
216291.0,7
216292.0,7
216293.0,7
216294.0,7
216295.0,7
216296.0,7
216297.0,7
216298.0,7
216303.0,0
216304.0,0
216305.0,0
216306.0,0
216307.0,0
216308.0,0
216309.0,0
216310.0,0
216311.0,0
216316.0,8
216317.0,8
216318.0,8
216319.0,8
216320.0,8
216321.0,8
216322.0,8
216323.0,8
216324.0,8
216325.0,8
216326.0,8
216327.0,8
216328.0,8
216329.0,8
216330.0,8
216331.0,8
216332.0,8
216333.0,8
216334.0,8
216335.0,8
216336.0,8
216337.0,8
216338.0,8
216339.0,8
216340.0,8
216341.0,8
216342.0,8
216343.0,8
219604.0,1
219605.0,1
219606.0,1
219607.0,1
219608.0,1
219609.0,1
219610.0,1
219611.0,1
219612.0,1
219613.0,1
219614.0,1
219615.0,1
219616.0,1
219617.0,1
219618.0,1
219619.0,1
219620.0,1
219621.0,1
219622.0,1
219623.0,1
219624.0,1
219625.0,1
219626.0,1
219627.0,1
219628.0,1
219633.0,0
219634.0,0
219635.0,0
219636.0,0
219637.0,0
219638.0,0
219639.0,0
219640.0,0
219641.0,0
219646.0,2
219647.0,2
219648.0,2
219649.0,2
219650.0,2
219651.0,2
219652.0,2
219653.0,2
219654.0,2
219655.0,2
219656.0,2
219657.0,2
219658.0,2
219659.0,2
219660.0,2
219661.0,2
219662.0,2
219663.0,2
219664.0,2
219665.0,2
219666.0,2
219667.0,2
219668.0,2
219669.0,2
219670.0,2
219671.0,2
219672.0,2
219673.0,2
219678.0,0
219679.0,0
219680.0,0
219681.0,0
219682.0,0
219683.0,0
219684.0,0
219685.0,0
219686.0,0
219691.0,3
219692.0,3
219693.0,3
219694.0,3
219695.0,3
219696.0,3
219697.0,3
219698.0,3
219699.0,3
219700.0,3
219701.0,3
219702.0,3
219703.0,3
219704.0,3
219705.0,3
219706.0,3
219707.0,3
219708.0,3
219709.0,3
219710.0,3
219711.0,3
219712.0,3
219713.0,3
219714.0,3
219715.0,3
219716.0,3
219717.0,3
219718.0,3
219723.0,0
219724.0,0
219725.0,0
219726.0,0
219727.0,0
219728.0,0
219729.0,0
219730.0,0
219731.0,0
219736.0,4
219737.0,4
219738.0,4
219739.0,4
219740.0,4
219741.0,4
219742.0,4
219743.0,4
219744.0,4
219745.0,4
219746.0,4
219747.0,4
219748.0,4
219749.0,4
219750.0,4
219751.0,4
219752.0,4
219753.0,4
219754.0,4
219755.0,4
219756.0,4
219757.0,4
219758.0,4
219759.0,4
219760.0,4
219761.0,4
219762.0,4
219763.0,4
219768.0,0
219769.0,0
219770.0,0
219771.0,0
219772.0,0
219773.0,0
219774.0,0
219775.0,0
219776.0,0
219781.0,5
219782.0,5
219783.0,5
219784.0,5
219785.0,5
219786.0,5
219787.0,5
219788.0,5
219789.0,5
219790.0,5
219791.0,5
219792.0,5
219793.0,5
219794.0,5
219795.0,5
219796.0,5
219797.0,5
219798.0,5
219799.0,5
219800.0,5
219801.0,5
219802.0,5
219803.0,5
219804.0,5
219805.0,5
219806.0,5
219807.0,5
219808.0,5
219813.0,0
219814.0,0
219815.0,0
219816.0,0
219817.0,0
219818.0,0
219819.0,0
219820.0,0
219821.0,0
219826.0,6
219827.0,6
219828.0,6
219829.0,6
219830.0,6
219831.0,6
219832.0,6
219833.0,6
219834.0,6
219835.0,6
219836.0,6
219837.0,6
219838.0,6
219839.0,6
219840.0,6
219841.0,6
219842.0,6
219843.0,6
219844.0,6
219845.0,6
219846.0,6
219847.0,6
219848.0,6
219849.0,6
219850.0,6
219851.0,6
219852.0,6
219853.0,6
219858.0,0
219859.0,0
219860.0,0
219861.0,0
219862.0,0
219863.0,0
219864.0,0
219865.0,0
219866.0,0
219871.0,7
219872.0,7
219873.0,7
219874.0,7
219875.0,7
219876.0,7
219877.0,7
219878.0,7
219879.0,7
219880.0,7
219881.0,7
219882.0,7
219883.0,7
219884.0,7
219885.0,7
219886.0,7
219887.0,7
219888.0,7
219889.0,7
219890.0,7
219891.0,7
219892.0,7
219893.0,7
219894.0,7
219895.0,7
219896.0,7
219897.0,7
219898.0,7
219903.0,0
219904.0,0
219905.0,0
219906.0,0
219907.0,0
219908.0,0
219909.0,0
219910.0,0
219911.0,0
219916.0,8
219917.0,8
219918.0,8
219919.0,8
219920.0,8
219921.0,8
219922.0,8
219923.0,8
219924.0,8
219925.0,8
219926.0,8
219927.0,8
219928.0,8
219929.0,8
219930.0,8
219931.0,8
219932.0,8
219933.0,8
219934.0,8
219935.0,8
219936.0,8
219937.0,8
219938.0,8
219939.0,8
219940.0,8
219941.0,8
219942.0,8
219943.0,8
115204.0,1
115205.0,1
115206.0,1
115207.0,1
115208.0,1
115209.0,1
115210.0,1
115211.0,1
115212.0,1
115213.0,1
115214.0,1
115215.0,1
115216.0,1
115217.0,1
115218.0,1
115219.0,1
115220.0,1
115221.0,1
115222.0,1
115223.0,1
115227.98,0
115228.98,0
115229.98,0
115230.98,0
115231.98,0
115236.65,2
115237.65,2
115238.65,2
115239.65,2
115240.65,2
115241.65,2
115242.65,2
115243.65,2
115244.65,2
115245.65,2
115246.65,2
115247.65,2
115248.65,2
115249.65,2
115250.65,2
115251.65,2
115252.65,2
115253.65,2
115254.65,2
115255.65,2
115256.65,2
115257.65,2
115262.12,0
115263.12,0
115264.12,0
115265.12,0
115266.12,0
115270.82,3
115271.82,3
115272.82,3
115273.82,3
115274.82,3
115275.82,3
115276.82,3
115277.82,3
115278.82,3
115279.82,3
115280.82,3
115281.82,3
115282.82,3
115283.82,3
115284.82,3
115285.82,3
115286.82,3
115287.82,3
115288.82,3
115289.82,3
115290.82,3
115291.82,3
115296.0,0
115297.0,0
115298.0,0
115299.0,0
115300.0,0
115301.0,0
115302.0,0
115303.0,0
115304.0,0
115305.0,0
115309.55,4
115310.55,4
115311.55,4
115312.55,4
115313.55,4
115314.55,4
115315.55,4
115316.55,4
115317.55,4
115318.55,4
115319.55,4
115320.55,4
115321.55,4
115322.55,4
115323.55,4
115324.55,4
115325.55,4
115326.55,4
115327.55,4
115328.55,4
115329.55,4
115330.55,4
115331.55,4
115332.55,4
115333.55,4
115334.55,4
115335.55,4
115336.55,4
115337.55,4
115338.55,4
115343.04,0
115344.04,0
115345.04,0
115346.04,0
115347.04,0
115348.04,0
115352.05,5
115353.05,5
115354.05,5
115355.05,5
115356.05,5
115357.05,5
115358.05,5
115359.05,5
115360.05,5
115361.05,5
115362.05,5
115363.05,5
115364.05,5
115365.05,5
115366.05,5
115367.05,5
115368.05,5
115369.05,5
115370.05,5
115371.05,5
115372.05,5
115373.05,5
115374.05,5
115378.38,0
115379.38,0
115380.38,0
115381.38,0
115382.38,0
115383.38,0
115387.62,6
115388.62,6
115389.62,6
115390.62,6
115391.62,6
115392.62,6
115393.62,6
115394.62,6
115395.62,6
115396.62,6
115397.62,6
115398.62,6
115399.62,6
115400.62,6
115401.62,6
115402.62,6
115403.62,6
115404.62,6
115405.62,6
115406.62,6
115407.62,6
115408.62,6
115409.62,6
115410.62,6
115411.62,6
115416.25,0
115417.25,0
115418.25,0
115419.25,0
115420.25,0
115421.25,0
115425.31,7
115426.31,7
115427.31,7
115428.31,7
115429.31,7
115430.31,7
115431.31,7
115432.31,7
115433.31,7
115434.31,7
115435.31,7
115436.31,7
115437.31,7
115438.31,7
115439.31,7
115440.31,7
115441.31,7
115442.31,7
115443.31,7
115444.31,7
115445.31,7
115446.31,7
115447.31,7
115451.76,0
115452.76,0
115453.76,0
115454.76,0
115455.76,0
115460.17,8
115461.17,8
115462.17,8
115463.17,8
115464.17,8
115465.17,8
115466.17,8
115467.17,8
115468.17,8
115469.17,8
115470.17,8
115471.17,8
115472.17,8
115473.17,8
115474.17,8
115475.17,8
115476.17,8
115477.17,8
115478.17,8
115479.17,8
115480.17,8
118804.0,1
118805.0,1
118806.0,1
118807.0,1
118808.0,1
118809.0,1
118810.0,1
118811.0,1
118812.0,1
118813.0,1
118814.0,1
118815.0,1
118816.0,1
118817.0,1
118818.0,1
118819.0,1
118820.0,1
118821.0,1
118822.0,1
118823.0,1
118824.0,1
118825.0,1
118829.52,0
118830.52,0
118831.52,0
118832.52,0
118833.52,0
118834.52,0
118838.82,2
118839.82,2
118840.82,2
118841.82,2
118842.82,2
118843.82,2
118844.82,2
118845.82,2
118846.82,2
118847.82,2
118848.82,2
118849.82,2
118850.82,2
118851.82,2
118852.82,2
118853.82,2
118854.82,2
118855.82,2
118856.82,2
118857.82,2
118858.82,2
118859.82,2
118860.82,2
118865.37,0
118866.37,0
118867.37,0
118868.37,0
118869.37,0
118873.9,3
118874.9,3
118875.9,3
118876.9,3
118877.9,3
118878.9,3
118879.9,3
118880.9,3
118881.9,3
118882.9,3
118883.9,3
118884.9,3
118885.9,3
118886.9,3
118887.9,3
118888.9,3
118889.9,3
118890.9,3
118891.9,3
118892.9,3
118893.9,3
118894.9,3
118899.48,0
118900.48,0
118901.48,0
118902.48,0
118903.48,0
118907.96,4
118908.96,4
118909.96,4
118910.96,4
118911.96,4
118912.96,4
118913.96,4
118914.96,4
118915.96,4
118916.96,4
118917.96,4
118918.96,4
118919.96,4
118920.96,4
118921.96,4
118922.96,4
118923.96,4
118924.96,4
118925.96,4
118926.96,4
118927.96,4
118928.96,4
118933.46,0
118934.46,0
118935.46,0
118936.46,0
118937.46,0
118941.8,5
118942.8,5
118943.8,5
118944.8,5
118945.8,5
118946.8,5
118947.8,5
118948.8,5
118949.8,5
118950.8,5
118951.8,5
118952.8,5
118953.8,5
118954.8,5
118955.8,5
118956.8,5
118957.8,5
118958.8,5
118959.8,5
118960.8,5
118961.8,5
118962.8,5
118963.8,5
118964.8,5
118965.8,5
118969.89,0
118970.89,0
118971.89,0
118972.89,0
118973.89,0
118978.4,6
118979.4,6
118980.4,6
118981.4,6
118982.4,6
118983.4,6
118984.4,6
118985.4,6
118986.4,6
118987.4,6
118988.4,6
118989.4,6
118990.4,6
118991.4,6
118992.4,6
118993.4,6
118994.4,6
118995.4,6
118996.4,6
118997.4,6
118998.4,6
118999.4,6
119000.4,6
119004.46,0
119005.46,0
119006.46,0
119007.46,0
119008.46,0
119012.64,7
119013.64,7
119014.64,7
119015.64,7
119016.64,7
119017.64,7
119018.64,7
119019.64,7
119020.64,7
119021.64,7
119022.64,7
119023.64,7
119024.64,7
119025.64,7
119026.64,7
119027.64,7
119028.64,7
119029.64,7
119030.64,7
119031.64,7
119032.64,7
119033.64,7
119034.64,7
119039.04,0
119040.04,0
119041.04,0
119042.04,0
119043.04,0
119047.28,8
119048.28,8
119049.28,8
119050.28,8
119051.28,8
119052.28,8
119053.28,8
119054.28,8
119055.28,8
119056.28,8
119057.28,8
119058.28,8
119059.28,8
119060.28,8
119061.28,8
119062.28,8
119063.28,8
119064.28,8
119065.28,8
119066.28,8
119067.28,8
205204.0,1
205205.0,1
205206.0,1
205207.0,1
205208.0,1
205209.0,1
205210.0,1
205211.0,1
205212.0,1
205213.0,1
205214.0,1
205215.0,1
205216.0,1
205217.0,1
205218.0,1
205219.0,1
205220.0,1
205225.0,0
205226.0,0
205227.0,0
205228.0,0
205229.0,0
205230.0,0
205231.0,0
205232.0,0
205233.0,0
205234.0,0
205239.0,2
205240.0,2
205241.0,2
205242.0,2
205243.0,2
205244.0,2
205245.0,2
205246.0,2
205247.0,2
205248.0,2
205249.0,2
205250.0,2
205251.0,2
205252.0,2
205253.0,2
205254.0,2
205255.0,2
205256.0,2
205257.0,2
205262.0,0
205263.0,0
205264.0,0
205265.0,0
205266.0,0
205267.0,0
205268.0,0
205269.0,0
205270.0,0
205271.0,0
205272.0,0
205273.0,0
205274.0,0
205275.0,0
205276.0,0
205281.0,3
205282.0,3
205283.0,3
205284.0,3
205285.0,3
205286.0,3
205287.0,3
205288.0,3
205289.0,3
205290.0,3
205291.0,3
205292.0,3
205293.0,3
205294.0,3
205295.0,3
205296.0,3
205297.0,3
205298.0,3
205299.0,3
205304.0,0
205305.0,0
205306.0,0
205307.0,0
205308.0,0
205309.0,0
205310.0,0
205311.0,0
205312.0,0
205313.0,0
205314.0,0
205315.0,0
205316.0,0
205317.0,0
205318.0,0
205323.0,4
205324.0,4
205325.0,4
205326.0,4
205327.0,4
205328.0,4
205329.0,4
205330.0,4
205331.0,4
205332.0,4
205333.0,4
205334.0,4
205335.0,4
205336.0,4
205337.0,4
205338.0,4
205339.0,4
205340.0,4
205341.0,4
205346.0,0
205347.0,0
205348.0,0
205349.0,0
205350.0,0
205351.0,0
205352.0,0
205353.0,0
205354.0,0
205355.0,0
205356.0,0
205357.0,0
205358.0,0
205359.0,0
205360.0,0
205361.0,0
205362.0,0
205363.0,0
205364.0,0
205365.0,0
205366.0,0
205367.0,0
205368.0,0
205369.0,0
205370.0,0
205375.0,5
205376.0,5
205377.0,5
205378.0,5
205379.0,5
205380.0,5
205381.0,5
205382.0,5
205383.0,5
205384.0,5
205385.0,5
205386.0,5
205387.0,5
205388.0,5
205389.0,5
205390.0,5
205391.0,5
205392.0,5
205393.0,5
205394.0,5
205399.0,0
205400.0,0
205401.0,0
205402.0,0
205403.0,0
205404.0,0
205405.0,0
205406.0,0
205407.0,0
205408.0,0
205409.0,0
205410.0,0
205411.0,0
205412.0,0
205413.0,0
205414.0,0
205415.0,0
205416.0,0
205417.0,0
205418.0,0
205419.0,0
205420.0,0
205421.0,0
205422.0,0
205427.0,6
205428.0,6
205429.0,6
205430.0,6
205431.0,6
205432.0,6
205433.0,6
205434.0,6
205435.0,6
205436.0,6
205437.0,6
205438.0,6
205439.0,6
205440.0,6
205441.0,6
205442.0,6
205443.0,6
205444.0,6
205445.0,6
205450.0,0
205451.0,0
205452.0,0
205453.0,0
205454.0,0
205455.0,0
205456.0,0
205457.0,0
205458.0,0
205459.0,0
205460.0,0
205461.0,0
205462.0,0
205463.0,0
205464.0,0
205465.0,0
205466.0,0
205471.0,7
205472.0,7
205473.0,7
205474.0,7
205475.0,7
205476.0,7
205477.0,7
205478.0,7
205479.0,7
205480.0,7
205481.0,7
205482.0,7
205483.0,7
205484.0,7
205485.0,7
205486.0,7
205487.0,7
205488.0,7
205489.0,7
205494.0,0
205495.0,0
205496.0,0
205497.0,0
205498.0,0
205499.0,0
205500.0,0
205501.0,0
205502.0,0
205503.0,0
205504.0,0
205505.0,0
205510.0,8
205511.0,8
205512.0,8
205513.0,8
205514.0,8
205515.0,8
205516.0,8
205517.0,8
205518.0,8
205519.0,8
205520.0,8
205521.0,8
205522.0,8
205523.0,8
205524.0,8
205525.0,8
205526.0,8
205527.0,8
205528.0,8
21604.0,1
21605.0,1
21606.0,1
21607.0,1
21608.0,1
21609.0,1
21610.0,1
21611.0,1
21612.0,1
21613.0,1
21614.0,1
21615.0,1
21616.0,1
21617.0,1
21618.0,1
21619.0,1
21620.0,1
21621.0,1
21622.0,1
21623.0,1
21624.0,1
21628.72,0
21629.72,0
21630.72,0
21631.72,0
21632.72,0
21633.72,0
21634.72,0
21635.72,0
21636.72,0
21637.72,0
21638.72,0
21639.72,0
21640.72,0
21641.72,0
21642.72,0
21647.22,2
21648.22,2
21649.22,2
21650.22,2
21651.22,2
21652.22,2
21653.22,2
21654.22,2
21655.22,2
21656.22,2
21657.22,2
21658.22,2
21659.22,2
21660.22,2
21661.22,2
21662.22,2
21663.22,2
21664.22,2
21665.22,2
21666.22,2
21667.22,2
21671.93,0
21672.93,0
21673.93,0
21674.93,0
21675.93,0
21676.93,0
21677.93,0
21678.93,0
21679.93,0
21680.93,0
21681.93,0
21682.93,0
21683.93,0
21684.93,0
21685.93,0
21690.53,3
21691.53,3
21692.53,3
21693.53,3
21694.53,3
21695.53,3
21696.53,3
21697.53,3
21698.53,3
21699.53,3
21700.53,3
21701.53,3
21702.53,3
21703.53,3
21704.53,3
21705.53,3
21706.53,3
21707.53,3
21708.53,3
21709.53,3
21710.53,3
21715.17,0
21716.17,0
21717.17,0
21718.17,0
21719.17,0
21720.17,0
21721.17,0
21722.17,0
21723.17,0
21724.17,0
21725.17,0
21726.17,0
21727.17,0
21728.17,0
21729.17,0
21733.77,4
21734.77,4
21735.77,4
21736.77,4
21737.77,4
21738.77,4
21739.77,4
21740.77,4
21741.77,4
21742.77,4
21743.77,4
21744.77,4
21745.77,4
21746.77,4
21747.77,4
21748.77,4
21749.77,4
21750.77,4
21751.77,4
21752.77,4
21753.77,4
21758.17,0
21759.17,0
21760.17,0
21761.17,0
21762.17,0
21763.17,0
21764.17,0
21765.17,0
21766.17,0
21767.17,0
21768.17,0
21769.17,0
21770.17,0
21771.17,0
21772.17,0
21776.66,5
21777.66,5
21778.66,5
21779.66,5
21780.66,5
21781.66,5
21782.66,5
21783.66,5
21784.66,5
21785.66,5
21786.66,5
21787.66,5
21788.66,5
21789.66,5
21790.66,5
21791.66,5
21792.66,5
21793.66,5
21794.66,5
21795.66,5
21796.66,5
21801.42,0
21802.42,0
21803.42,0
21804.42,0
21805.42,0
21806.42,0
21807.42,0
21808.42,0
21809.42,0
21810.42,0
21811.42,0
21812.42,0
21813.42,0
21814.42,0
21815.42,0
21819.99,6
21820.99,6
21821.99,6
21822.99,6
21823.99,6
21824.99,6
21825.99,6
21826.99,6
21827.99,6
21828.99,6
21829.99,6
21830.99,6
21831.99,6
21832.99,6
21833.99,6
21834.99,6
21835.99,6
21836.99,6
21837.99,6
21838.99,6
21839.99,6
21844.61,0
21845.61,0
21846.61,0
21847.61,0
21848.61,0
21849.61,0
21850.61,0
21851.61,0
21852.61,0
21853.61,0
21854.61,0
21855.61,0
21856.61,0
21857.61,0
21858.61,0
21863.25,7
21864.25,7
21865.25,7
21866.25,7
21867.25,7
21868.25,7
21869.25,7
21870.25,7
21871.25,7
21872.25,7
21873.25,7
21874.25,7
21875.25,7
21876.25,7
21877.25,7
21878.25,7
21879.25,7
21880.25,7
21881.25,7
21882.25,7
21883.25,7
21884.25,7
21888.920000000002,0
21889.920000000002,0
21890.920000000002,0
21891.920000000002,0
21892.920000000002,0
21893.920000000002,0
21894.920000000002,0
21895.920000000002,0
21896.920000000002,0
21897.920000000002,0
21898.920000000002,0
21899.920000000002,0
21900.920000000002,0
21901.920000000002,0
21902.920000000002,0
21907.39,8
21908.39,8
21909.39,8
21910.39,8
21911.39,8
21912.39,8
21913.39,8
21914.39,8
21915.39,8
21916.39,8
21917.39,8
21918.39,8
21919.39,8
21920.39,8
21921.39,8
21922.39,8
21923.39,8
21924.39,8
21925.39,8
21926.39,8
21927.39,8
21928.39,8
21929.39,8
25204.0,1
25205.0,1
25206.0,1
25207.0,1
25208.0,1
25209.0,1
25210.0,1
25211.0,1
25212.0,1
25213.0,1
25214.0,1
25215.0,1
25216.0,1
25217.0,1
25218.0,1
25219.0,1
25220.0,1
25221.0,1
25222.0,1
25223.0,1
25224.0,1
25228.49,0
25229.49,0
25230.49,0
25231.49,0
25232.49,0
25233.49,0
25234.49,0
25235.49,0
25236.49,0
25237.49,0
25238.49,0
25239.49,0
25240.49,0
25241.49,0
25242.49,0
25247.13,2
25248.13,2
25249.13,2
25250.13,2
25251.13,2
25252.13,2
25253.13,2
25254.13,2
25255.13,2
25256.13,2
25257.13,2
25258.13,2
25259.13,2
25260.13,2
25261.13,2
25262.13,2
25263.13,2
25264.13,2
25265.13,2
25266.13,2
25267.13,2
25271.94,0
25272.94,0
25273.94,0
25274.94,0
25275.94,0
25276.94,0
25277.94,0
25278.94,0
25279.94,0
25280.94,0
25281.94,0
25282.94,0
25283.94,0
25284.94,0
25285.94,0
25290.53,3
25291.53,3
25292.53,3
25293.53,3
25294.53,3
25295.53,3
25296.53,3
25297.53,3
25298.53,3
25299.53,3
25300.53,3
25301.53,3
25302.53,3
25303.53,3
25304.53,3
25305.53,3
25306.53,3
25307.53,3
25308.53,3
25309.53,3
25310.53,3
25315.14,0
25316.14,0
25317.14,0
25318.14,0
25319.14,0
25320.14,0
25321.14,0
25322.14,0
25323.14,0
25324.14,0
25325.14,0
25326.14,0
25327.14,0
25328.14,0
25329.14,0
25333.69,4
25334.69,4
25335.69,4
25336.69,4
25337.69,4
25338.69,4
25339.69,4
25340.69,4
25341.69,4
25342.69,4
25343.69,4
25344.69,4
25345.69,4
25346.69,4
25347.69,4
25348.69,4
25349.69,4
25350.69,4
25351.69,4
25352.69,4
25353.69,4
25358.16,0
25359.16,0
25360.16,0
25361.16,0
25362.16,0
25363.16,0
25364.16,0
25365.16,0
25366.16,0
25367.16,0
25368.16,0
25369.16,0
25370.16,0
25371.16,0
25372.16,0
25376.9,5
25377.9,5
25378.9,5
25379.9,5
25380.9,5
25381.9,5
25382.9,5
25383.9,5
25384.9,5
25385.9,5
25386.9,5
25387.9,5
25388.9,5
25389.9,5
25390.9,5
25391.9,5
25392.9,5
25393.9,5
25394.9,5
25395.9,5
25396.9,5
25401.52,0
25402.52,0
25403.52,0
25404.52,0
25405.52,0
25406.52,0
25407.52,0
25408.52,0
25409.52,0
25410.52,0
25411.52,0
25412.52,0
25413.52,0
25414.52,0
25415.52,0
25420.14,6
25421.14,6
25422.14,6
25423.14,6
25424.14,6
25425.14,6
25426.14,6
25427.14,6
25428.14,6
25429.14,6
25430.14,6
25431.14,6
25432.14,6
25433.14,6
25434.14,6
25435.14,6
25436.14,6
25437.14,6
25438.14,6
25439.14,6
25440.14,6
25441.14,6
25445.98,0
25446.98,0
25447.98,0
25448.98,0
25449.98,0
25450.98,0
25451.98,0
25452.98,0
25453.98,0
25454.98,0
25455.98,0
25456.98,0
25457.98,0
25458.98,0
25459.98,0
25464.57,7
25465.57,7
25466.57,7
25467.57,7
25468.57,7
25469.57,7
25470.57,7
25471.57,7
25472.57,7
25473.57,7
25474.57,7
25475.57,7
25476.57,7
25477.57,7
25478.57,7
25479.57,7
25480.57,7
25481.57,7
25482.57,7
25483.57,7
25484.57,7
25489.28,0
25490.28,0
25491.28,0
25492.28,0
25493.28,0
25494.28,0
25495.28,0
25496.28,0
25497.28,0
25498.28,0
25499.28,0
25500.28,0
25501.28,0
25502.28,0
25503.28,0
25504.28,0
25508.84,8
25509.84,8
25510.84,8
25511.84,8
25512.84,8
25513.84,8
25514.84,8
25515.84,8
25516.84,8
25517.84,8
25518.84,8
25519.84,8
25520.84,8
25521.84,8
25522.84,8
25523.84,8
25524.84,8
25525.84,8
25526.84,8
25527.84,8
25528.84,8
25529.84,8
136804.0,1
136805.0,1
136806.0,1
136807.0,1
136808.0,1
136809.0,1
136810.0,1
136811.0,1
136812.0,1
136813.0,1
136814.0,1
136815.0,1
136816.0,1
136817.0,1
136818.0,1
136823.0,0
136824.0,0
136825.0,0
136826.0,0
136831.0,2
136832.0,2
136833.0,2
136834.0,2
136835.0,2
136836.0,2
136837.0,2
136838.0,2
136839.0,2
136840.0,2
136841.0,2
136842.0,2
136843.0,2
136844.0,2
136845.0,2
136846.0,2
136847.0,2
136848.0,2
136853.0,0
136854.0,0
136855.0,0
136856.0,0
136861.0,3
136862.0,3
136863.0,3
136864.0,3
136865.0,3
136866.0,3
136867.0,3
136868.0,3
136869.0,3
136870.0,3
136871.0,3
136872.0,3
136873.0,3
136874.0,3
136875.0,3
136876.0,3
136877.0,3
136878.0,3
136883.0,0
136884.0,0
136885.0,0
136886.0,0
136891.0,4
136892.0,4
136893.0,4
136894.0,4
136895.0,4
136896.0,4
136897.0,4
136898.0,4
136899.0,4
136900.0,4
136901.0,4
136902.0,4
136903.0,4
136904.0,4
136905.0,4
136906.0,4
136907.0,4
136908.0,4
136913.0,0
136914.0,0
136915.0,0
136916.0,0
136921.0,5
136922.0,5
136923.0,5
136924.0,5
136925.0,5
136926.0,5
136927.0,5
136928.0,5
136929.0,5
136930.0,5
136931.0,5
136932.0,5
136933.0,5
136934.0,5
136935.0,5
136936.0,5
136937.0,5
136938.0,5
136943.0,0
136944.0,0
136945.0,0
136946.0,0
136951.0,6
136952.0,6
136953.0,6
136954.0,6
136955.0,6
136956.0,6
136957.0,6
136958.0,6
136959.0,6
136960.0,6
136961.0,6
136962.0,6
136963.0,6
136964.0,6
136965.0,6
136966.0,6
136967.0,6
136968.0,6
136973.0,0
136974.0,0
136975.0,0
136976.0,0
136981.0,7
136982.0,7
136983.0,7
136984.0,7
136985.0,7
136986.0,7
136987.0,7
136988.0,7
136989.0,7
136990.0,7
136991.0,7
136992.0,7
136993.0,7
136994.0,7
136995.0,7
136996.0,7
136997.0,7
136998.0,7
137003.0,0
137004.0,0
137005.0,0
137006.0,0
137011.0,8
137012.0,8
137013.0,8
137014.0,8
137015.0,8
137016.0,8
137017.0,8
137018.0,8
137019.0,8
137020.0,8
137021.0,8
137022.0,8
137023.0,8
137024.0,8
137025.0,8
137026.0,8
137027.0,8
137028.0,8
140404.0,1
140405.0,1
140406.0,1
140407.0,1
140408.0,1
140409.0,1
140410.0,1
140411.0,1
140412.0,1
140413.0,1
140414.0,1
140415.0,1
140416.0,1
140417.0,1
140418.0,1
140423.0,0
140424.0,0
140425.0,0
140426.0,0
140431.0,2
140432.0,2
140433.0,2
140434.0,2
140435.0,2
140436.0,2
140437.0,2
140438.0,2
140439.0,2
140440.0,2
140441.0,2
140442.0,2
140443.0,2
140444.0,2
140445.0,2
140446.0,2
140447.0,2
140448.0,2
140453.0,0
140454.0,0
140455.0,0
140456.0,0
140461.0,3
140462.0,3
140463.0,3
140464.0,3
140465.0,3
140466.0,3
140467.0,3
140468.0,3
140469.0,3
140470.0,3
140471.0,3
140472.0,3
140473.0,3
140474.0,3
140475.0,3
140476.0,3
140477.0,3
140478.0,3
140483.0,0
140484.0,0
140485.0,0
140486.0,0
140491.0,4
140492.0,4
140493.0,4
140494.0,4
140495.0,4
140496.0,4
140497.0,4
140498.0,4
140499.0,4
140500.0,4
140501.0,4
140502.0,4
140503.0,4
140504.0,4
140505.0,4
140506.0,4
140507.0,4
140508.0,4
140513.0,0
140514.0,0
140515.0,0
140516.0,0
140521.0,5
140522.0,5
140523.0,5
140524.0,5
140525.0,5
140526.0,5
140527.0,5
140528.0,5
140529.0,5
140530.0,5
140531.0,5
140532.0,5
140533.0,5
140534.0,5
140535.0,5
140536.0,5
140537.0,5
140538.0,5
140543.0,0
140544.0,0
140545.0,0
140546.0,0
140551.0,6
140552.0,6
140553.0,6
140554.0,6
140555.0,6
140556.0,6
140557.0,6
140558.0,6
140559.0,6
140560.0,6
140561.0,6
140562.0,6
140563.0,6
140564.0,6
140565.0,6
140566.0,6
140567.0,6
140568.0,6
140573.0,0
140574.0,0
140575.0,0
140576.0,0
140581.0,7
140582.0,7
140583.0,7
140584.0,7
140585.0,7
140586.0,7
140587.0,7
140588.0,7
140589.0,7
140590.0,7
140591.0,7
140592.0,7
140593.0,7
140594.0,7
140595.0,7
140596.0,7
140597.0,7
140598.0,7
140603.0,0
140604.0,0
140605.0,0
140606.0,0
140611.0,8
140612.0,8
140613.0,8
140614.0,8
140615.0,8
140616.0,8
140617.0,8
140618.0,8
140619.0,8
140620.0,8
140621.0,8
140622.0,8
140623.0,8
140624.0,8
140625.0,8
140626.0,8
140627.0,8
140628.0,8
